,pH,Sodium,Magnesium,Calcium,Chloride,Potassium,Carbonate,Sulphate,TDS,EC,TH,WQI,label
0,7.26,77.51,32.55,81.4,63.55,1.95,419.68,68.16,640.0,1045.0,338.0,70.51,0
1,7.54,36.11,31.1,42.4,19.53,1.56,273.28,57.12,400.0,645.0,234.0,48.31,0
2,7.66,119.37,19.0,58.2,60.71,1.17,195.2,220.8,640.0,998.0,224.0,55.7,0
3,5.98,117.07,29.65,145.4,37.28,2.73,580.72,190.08,950.0,1516.0,486.0,97.02,0
4,7.02,45.08,23.35,49.6,23.43,1.17,248.88,74.88,410.0,658.0,220.0,46.45,0
5,6.97,73.37,33.03,50.4,35.15,2.34,346.48,83.04,540.0,875.0,262.0,58.79,0
6,7.16,121.9,29.65,67.8,47.22,1.17,195.2,310.08,740.0,1153.0,292.0,63.31,0
7,7.34,54.05,16.58,56.6,24.5,1.17,297.68,45.12,420.0,676.0,210.0,48.35,0
8,7.27,55.2,25.29,68.6,45.09,1.95,307.44,74.88,510.0,817.0,276.0,57.01,0
9,7.21,59.8,32.55,57.4,31.24,3.12,341.6,80.16,530.0,848.0,278.0,59.62,0
10,7.58,64.63,30.61,44.8,27.34,2.73,307.44,81.12,490.0,786.0,238.0,54.51,0
11,7.13,80.96,27.71,98.2,66.74,1.95,458.72,60.0,680.0,1098.0,360.0,74.68,0
12,7.36,23.23,34.0,42.4,15.62,1.17,263.52,52.8,370.0,613.0,246.0,47.11,0
13,7.22,62.1,26.26,55.2,32.31,1.56,326.96,61.92,490.0,788.0,246.0,54.58,0
14,7.31,37.95,20.45,68.6,29.47,1.56,307.44,39.84,430.0,698.0,256.0,52.13,0
15,7.26,67.39,21.9,63.0,27.34,1.56,297.68,104.16,510.0,815.0,248.0,54.66,0
16,7.35,82.57,14.64,40.8,29.47,1.56,263.52,79.2,440.0,706.0,162.0,45.76,0
17,7.32,25.99,9.68,39.2,13.85,0.78,180.56,24.96,250.0,402.0,138.0,32.45,0
18,7.43,32.2,7.74,48.0,22.72,0.78,195.2,26.88,280.0,458.0,152.0,35.47,0
19,7.51,41.4,7.74,46.4,14.56,1.17,195.2,52.8,310.0,494.0,148.0,36.59,0
20,7.47,114.77,24.32,81.4,47.22,1.56,258.64,260.16,730.0,1143.0,304.0,66.46,0
21,7.44,28.29,8.71,41.6,15.62,0.78,185.44,24.0,260.0,417.0,140.0,33.26,0
22,7.33,105.8,20.45,59.0,34.44,1.17,278.16,172.8,610.0,962.0,232.0,57.06,0
23,7.46,21.85,10.65,47.2,10.65,0.78,204.96,23.04,270.0,434.0,162.0,35.57,0
24,7.07,46.92,21.42,60.6,31.24,1.56,287.92,57.12,440.0,707.0,240.0,50.64,0
25,7.32,33.81,7.74,52.0,16.69,0.78,165.92,70.08,310.0,490.0,162.0,35.9,0
26,7.24,29.9,10.16,57.4,25.56,0.78,190.32,54.24,320.0,518.0,186.0,38.78,0
27,7.37,78.66,14.16,41.6,31.24,0.78,200.08,116.16,440.0,693.0,162.0,42.79,0
28,7.36,126.73,33.03,65.4,51.12,1.95,263.52,271.2,760.0,1190.0,300.0,67.74,0
29,7.42,25.3,8.23,39.2,15.62,0.78,175.68,19.2,240.0,390.0,132.0,31.65,0
30,7.33,5.75,21.78,90.0,17.75,0.0,335.5,25.44,430.0,672.0,315.0,54.65,0
31,7.47,4.6,20.57,78.0,14.2,0.0,311.1,13.44,376.0,587.0,280.0,49.69,0
32,7.48,4.6,16.94,76.0,10.65,0.0,292.8,13.44,354.0,553.0,260.0,46.91,0
33,8.07,5.75,12.1,64.0,10.65,0.0,189.1,49.44,292.0,457.0,210.0,38.62,0
34,7.19,25.07,18.15,90.0,28.4,0.0,335.5,36.96,465.0,715.0,300.0,55.31,0
35,7.38,20.01,14.52,80.0,24.85,0.0,305.0,16.8,395.0,617.0,260.0,49.26,0
36,8.03,4.6,20.57,58.0,14.2,0.0,244.0,18.24,316.0,493.0,230.0,42.36,0
37,8.15,6.44,29.04,58.0,17.75,0.0,262.3,36.48,365.0,570.0,265.0,47.21,0
38,7.7,7.36,18.15,90.0,17.75,0.0,305.0,38.4,412.0,644.0,300.0,52.52,0
39,7.71,2.76,16.94,56.0,10.65,0.0,225.7,14.4,272.0,425.0,210.0,38.76,0
40,7.55,8.97,33.88,92.0,17.75,0.0,408.7,27.36,519.0,798.0,370.0,63.82,0
41,8.28,3.68,16.94,62.0,10.65,0.0,244.0,16.32,306.0,478.0,225.0,41.93,0
42,7.62,2.76,18.15,54.0,10.65,0.0,225.7,14.4,283.0,442.0,210.0,38.83,0
43,7.81,4.6,16.94,76.0,10.65,0.0,280.6,23.04,351.0,548.0,260.0,46.79,0
44,8.04,3.68,19.36,54.0,10.65,0.0,231.8,16.32,295.0,461.0,215.0,40.14,0
45,8.06,6.44,12.1,58.0,10.65,0.0,219.6,12.48,274.0,428.0,195.0,37.88,0
46,7.71,1.38,15.73,52.0,7.1,0.0,213.5,11.52,265.0,414.0,195.0,36.71,0
47,7.45,5.75,21.78,80.0,14.2,0.0,305.0,30.24,393.0,614.0,290.0,50.79,0
48,7.68,4.6,16.94,72.0,10.65,0.0,280.6,13.44,342.0,534.0,250.0,45.56,0
49,7.65,4.6,16.94,80.0,14.2,0.0,298.9,13.44,367.0,573.0,270.0,48.44,0
50,7.97,5.75,25.41,76.0,14.2,0.0,305.0,35.04,401.0,626.0,295.0,51.82,0
51,7.71,4.6,19.36,70.0,10.65,0.0,262.3,32.64,346.0,540.0,255.0,45.51,0
52,7.35,11.73,33.88,100.0,24.85,0.0,408.7,42.72,550.0,846.0,390.0,66.32,0
53,7.46,3.68,16.94,60.0,10.65,0.0,244.0,11.52,302.0,472.0,220.0,40.61,0
54,7.66,2.76,18.15,50.0,7.1,0.0,225.7,9.6,269.0,420.0,200.0,37.66,0
55,7.28,9.89,25.41,84.0,21.3,0.0,347.7,19.68,438.0,685.0,315.0,55.41,0
56,8.18,2.07,10.89,66.0,10.65,0.0,225.7,12.96,284.0,444.0,210.0,39.45,0
57,7.73,4.6,13.31,90.0,14.2,0.0,305.0,18.24,381.0,596.0,280.0,49.97,0
58,7.51,3.68,15.73,68.0,7.1,0.0,268.4,11.52,319.0,499.0,235.0,43.14,0
59,8.0,5.06,26.62,70.0,14.2,0.0,317.2,14.4,384.0,600.0,285.0,50.92,0
60,7.3,14.95,42.35,104.0,31.95,0.0,378.2,107.04,614.0,944.0,435.0,70.81,0
61,7.58,3.68,24.2,60.0,10.65,0.0,274.5,16.32,336.0,525.0,250.0,44.97,0
62,7.63,5.75,12.1,60.0,10.65,0.0,219.6,15.84,281.0,439.0,200.0,38.01,0
63,7.74,2.76,16.94,54.0,10.65,0.0,219.6,14.4,276.0,432.0,205.0,38.18,0
64,7.27,25.07,22.99,80.0,24.85,0.0,359.9,17.76,463.0,712.0,295.0,55.52,0
65,7.54,3.68,24.2,56.0,10.65,0.0,262.3,16.32,323.0,505.0,240.0,43.38,0
66,7.54,4.6,25.41,74.0,10.65,0.0,323.3,18.24,388.0,607.0,290.0,51.19,0
67,7.56,7.36,25.41,74.0,14.2,0.0,329.4,14.4,401.0,627.0,290.0,51.85,0
68,7.83,2.76,15.73,54.0,10.65,0.0,213.5,14.4,268.0,418.0,200.0,37.48,0
69,7.29,7.36,24.2,82.0,17.75,0.0,341.6,14.4,420.0,656.0,305.0,53.77,0
70,7.84,7.36,10.89,60.0,10.65,0.0,219.6,14.4,275.0,430.0,195.0,37.79,0
71,7.74,8.97,20.57,76.0,10.65,0.0,305.0,27.36,383.0,598.0,275.0,49.73,0
72,7.42,5.75,25.41,74.0,17.75,0.0,317.2,15.84,392.0,612.0,290.0,51.08,0
73,7.63,4.6,22.99,70.0,10.65,0.0,298.9,18.24,364.0,569.0,270.0,48.25,0
74,7.46,5.75,24.2,68.0,17.75,0.0,292.8,15.84,372.0,581.0,270.0,48.14,0
75,7.58,4.6,22.99,80.0,10.65,0.0,329.4,18.24,397.0,620.0,295.0,52.08,0
76,7.56,7.36,24.2,78.0,14.2,0.0,335.5,14.4,405.0,633.0,295.0,52.61,0
77,7.53,8.97,18.15,84.0,17.75,0.0,317.2,17.76,398.0,622.0,285.0,51.2,0
78,7.34,3.68,21.78,60.0,10.65,0.0,262.3,16.32,324.0,506.0,240.0,43.25,0
79,7.87,2.76,24.2,48.0,10.65,0.0,237.9,14.4,274.0,428.0,220.0,40.15,0
80,7.34,4.6,19.36,70.0,10.65,0.0,280.6,18.24,344.0,538.0,255.0,45.71,0
81,7.62,7.36,18.15,48.0,10.65,0.0,219.6,14.4,279.0,436.0,195.0,37.51,0
82,7.59,5.75,15.73,58.0,10.65,0.0,231.8,15.84,292.0,457.0,210.0,39.43,0
83,7.57,14.95,38.72,110.0,31.95,0.0,396.5,92.64,616.0,497.0,435.0,69.33,0
84,7.06,6.44,27.83,76.0,10.65,0.0,335.5,26.88,414.0,647.0,305.0,53.08,0
85,7.52,2.76,20.57,48.0,10.65,0.0,219.6,14.4,278.0,435.0,205.0,37.94,0
86,7.33,4.6,25.41,50.0,10.65,0.0,244.0,23.04,312.0,487.0,230.0,41.53,0
87,7.23,9.89,36.3,96.0,17.75,0.0,451.4,14.88,541.0,833.0,390.0,67.16,0
88,7.26,8.05,29.04,88.0,21.3,0.0,305.0,59.04,470.0,723.0,340.0,56.43,0
89,7.21,5.75,29.04,80.0,10.65,0.0,353.8,25.44,431.0,673.0,320.0,55.42,0
90,7.53,432.0,347.0,436.0,406.54,71.0,0.0,4.6,1036.0,1480.0,0.0,224.59,1
91,7.45,553.0,432.0,665.0,1518.9,45.0,0.0,1.0,1690.5,2415.0,450.0,310.76,1
92,7.59,675.0,543.0,453.0,1217.8,33.0,0.0,7.0,2430.4,3472.0,575.0,307.87,1
93,7.5,575.0,674.0,765.0,900.0,39.0,0.0,1.0,3340.4,4772.0,100.0,359.13,1
94,6.93,775.0,990.0,432.0,4700.0,110.0,0.0,200.0,11619.0,16598.0,1400.0,722.69,1
95,7.17,453.0,643.0,543.0,1110.3,53.0,0.0,4.2,1414.0,2020.0,0.0,305.43,1
96,6.92,667.0,643.0,564.0,563.35,45.0,0.0,4.5,2534.0,3620.0,0.0,311.88,1
97,8.02,876.0,643.0,543.0,686.54,23.0,0.0,2.0,1115.1,1593.0,175.0,290.6,1
98,7.75,389.0,222.75,541.0,425.35,33.0,0.0,1.0,1321.6,1888.0,475.0,203.43,1
99,8.02,314.43,543.0,423.0,1310.5,78.0,0.0,100.0,5378.8,7684.0,625.0,373.21,1
100,7.61,1157.8,215.21,445.0,1082.0,90.0,0.0,2.0,1425.2,2036.0,500.0,290.67,1
101,6.82,1066.5,765.0,665.0,1557.8,75.0,0.0,150.0,5412.4,7732.0,825.0,488.67,1
102,7.74,373.09,356.86,453.0,413.44,78.0,0.0,5.2,1820.0,2600.0,0.0,243.41,1
103,6.94,234.0,422.55,345.0,1200.0,54.0,0.0,5.4,1204.7,1721.0,540.0,247.85,1
104,6.8,609.23,290.9,234.0,1160.0,67.0,0.0,19.7,1127.0,1610.0,700.0,239.95,1
105,7.19,343.0,287.84,342.0,0.0,32.0,0.0,0.0,707.0,1010.0,380.0,162.63,1
106,7.57,675.0,316.1,675.0,120.0,52.88,0.0,8.5,1349.6,1928.0,420.0,254.18,1
107,7.53,426.9,465.04,543.0,1040.0,56.0,0.0,125.0,4256.7,6081.0,675.0,338.27,1
108,7.38,335.89,345.83,342.0,920.0,63.0,0.0,25.0,1241.8,1774.0,660.0,241.47,1
109,7.07,347.9,482.88,453.0,624.0,78.0,0.0,5.0,1961.4,2802.0,325.0,282.93,1
110,7.11,280.89,408.11,345.0,3200.0,71.0,0.0,150.0,5667.2,8096.0,500.0,390.32,1
111,7.2,654.45,483.61,347.0,388.0,52.0,0.0,50.0,1302.0,1860.0,350.0,248.96,1
112,7.27,456.67,392.7,439.0,388.0,73.0,0.0,50.0,1302.0,1860.0,350.0,250.57,1
113,7.08,407.23,703.14,1007.0,2320.0,75.0,0.0,80.0,7051.8,10074.0,1100.0,544.25,1
114,6.97,980.81,237.4,654.0,0.0,54.0,0.0,0.0,2044.0,2920.0,700.0,266.77,1
115,7.03,702.89,267.54,345.0,0.0,77.0,0.0,0.0,1582.0,2260.0,640.0,230.8,1
116,7.47,306.9,277.24,453.0,960.0,72.0,0.0,40.0,2205.0,3150.0,900.0,271.45,1
117,7.75,656.9,275.26,654.0,880.0,53.0,0.0,40.0,2128.0,3040.0,880.0,293.03,1
118,7.57,689.03,291.14,654.0,2320.0,43.0,0.0,80.0,2331.0,3330.0,950.0,339.21,1
119,7.38,237.81,402.83,564.0,560.0,47.0,0.0,43.0,1201.9,1717.0,420.0,243.7,1
120,7.11,345.9,369.31,1158.0,2320.0,93.0,0.0,150.0,4346.3,6209.0,750.0,462.24,1
121,6.88,758.07,675.09,456.6,1840.0,98.0,0.0,200.0,6934.9,9907.0,400.0,470.27,1
122,7.38,934.89,287.84,456.0,1314.4,45.0,0.0,0.0,1092.0,1560.0,340.0,257.86,1
123,6.83,403.65,316.1,702.9,307.81,57.0,0.0,0.4,861.0,1230.0,0.0,233.04,1
124,8.3,278.01,160.56,758.1,436.54,54.0,0.0,0.9,784.0,1120.0,0.0,207.58,1
125,7.1,389.01,184.23,904.9,265.35,58.0,0.0,8.8,834.4,1192.0,482.0,246.96,1
126,7.1,323.09,188.55,506.8,467.77,61.0,0.0,8.8,834.4,1192.0,482.0,204.9,1
127,7.85,200.78,267.95,889.0,624.43,62.0,0.0,3.9,763.0,1090.0,0.0,250.53,1
128,7.13,567.04,257.5,979.4,211.81,43.0,0.0,12.7,868.0,1240.0,0.0,250.42,1
129,7.18,484.09,262.8,654.5,848.35,64.0,0.0,4.6,833.0,1190.0,0.0,242.8,1
130,7.73,403.65,350.45,234.0,1186.9,65.0,0.0,7.0,815.5,1165.0,248.0,222.93,1
131,8.11,334.89,695.17,345.0,177.88,53.0,0.0,2.5,815.5,1165.0,220.0,255.7,1
132,8.21,334.9,522.55,456.0,784.43,30.0,0.0,8.0,835.1,1193.0,260.0,240.43,1
133,7.89,526.78,390.9,567.0,1757.8,59.0,0.0,1.2,882.0,1260.0,328.0,292.48,1
134,7.08,489.02,387.84,389.0,666.54,60.0,0.0,0.0,700.0,1000.0,480.0,237.38,1
135,7.27,209.78,416.1,29.01,1657.8,55.0,0.0,0.0,672.0,960.0,360.0,208.56,1
136,7.51,403.09,287.84,239.4,1246.8,75.0,0.0,13.8,801.5,1145.0,500.0,228.91,1
137,7.28,298.01,316.1,207.1,614.43,53.0,0.0,7.8,987.0,1410.0,460.0,190.81,1
138,7.3,178.9,460.56,373.1,157.81,75.0,0.0,11.8,964.6,1378.0,420.0,233.15,1
139,7.27,302.82,384.23,407.0,1566.5,61.0,0.0,5.8,814.8,1164.0,560.0,262.93,1
140,7.3,909.37,488.55,609.2,1890.6,71.0,0.0,3.9,966.0,1380.0,660.0,356.69,1
141,7.14,314.43,367.95,176.5,199.8,64.0,0.0,16.7,1092.0,1560.0,920.0,208.61,1
142,7.18,767.81,158.45,345.9,80.0,66.0,0.0,8.0,884.1,1263.0,420.0,191.11,1
143,7.4,666.54,109.08,126.9,0.0,37.0,0.0,0.0,714.0,1020.0,460.0,125.28,0
144,7.4,252.35,107.94,135.9,0.0,68.0,0.0,0.0,763.0,1090.0,440.0,130.96,0
145,8.54,506.8,118.53,334.9,33.0,16.09,0.0,18.0,536.9,767.0,360.0,125.78,0
146,8.46,206.8,60.21,28.89,32.0,19.15,0.0,7.0,488.6,698.0,140.0,59.06,0
147,6.99,403.9,69.09,54.45,0.0,12.77,0.0,0.0,700.0,1000.0,400.0,76.52,0
148,8.41,123.0,70.71,56.67,37.0,22.71,0.0,17.0,650.3,929.0,188.0,67.42,0
149,6.41,176.0,62.98,40.23,44.0,16.0,0.0,5.0,924.7,1321.0,164.0,62.92,0
150,7.05,198.0,181.35,107.8,0.0,23.0,0.0,28.4,833.0,1190.0,0.0,92.26,0
151,7.04,120.0,147.26,107.2,0.0,15.0,0.0,50.0,560.0,800.0,400.0,84.74,0
152,6.41,217.0,151.18,178.6,44.0,11.0,0.0,5.0,924.7,1321.0,164.0,93.8,0
153,6.77,127.0,89.03,27.01,0.0,15.0,0.0,0.0,819.0,1170.0,560.0,72.37,0
154,7.02,120.0,100.32,38.01,0.0,23.0,0.0,0.0,714.0,1020.0,480.0,77.71,0
155,6.77,187.0,103.96,23.09,0.0,22.0,0.0,0.0,819.0,1170.0,560.0,82.64,0
156,7.25,90.0,103.22,20.78,0.0,12.09,0.0,5.8,630.0,900.0,0.0,51.02,0
157,7.38,87.0,109.17,70.89,0.0,22.98,0.0,4.6,840.0,1200.0,0.0,69.59,0
158,7.38,43.0,65.31,84.09,0.0,20.67,0.0,0.0,994.0,1420.0,580.0,79.3,0
159,6.99,124.0,138.49,43.65,25.0,21.02,0.0,28.0,462.0,660.0,300.0,75.97,0
160,6.62,137.0,151.06,70.89,20.0,16.9,0.0,5.0,359.1,513.0,288.0,76.18,0
161,6.58,156.0,62.95,36.9,18.0,14.99,0.0,22.0,304.5,435.0,280.0,54.6,0
162,7.45,167.0,109.08,66.9,22.0,25.02,0.0,12.0,364.0,520.0,244.0,75.29,0
163,7.27,178.0,174.39,68.03,0.0,22.5,0.0,0.0,686.0,980.0,420.0,95.07,0
164,7.57,188.0,129.68,27.81,40.0,10.0,0.0,15.0,596.4,852.0,208.0,67.03,0
165,7.19,109.0,181.08,45.9,0.0,23.65,0.0,0.0,707.0,1010.0,380.0,90.37,0
166,7.9,108.0,153.04,75.07,0.0,22.6,0.0,1.5,347.2,496.0,0.0,71.67,0
167,7.19,178.0,96.56,94.89,0.0,15.9,0.0,1.0,399.0,570.0,0.0,62.02,0
168,7.02,54.0,98.55,34.9,25.0,14.09,0.0,12.0,600.6,858.0,380.0,63.49,0
169,6.95,98.0,281.42,56.78,12.0,10.94,0.0,15.0,275.8,394.0,188.0,87.84,0
170,7.27,76.0,260.69,89.02,25.0,25.98,0.0,13.0,575.4,822.0,300.0,106.98,0
171,7.68,54.0,96.13,20.78,20.0,11.08,0.0,9.0,396.2,566.0,240.0,52.11,0
172,3.7,65.0,53.76,40.09,25.0,16.92,0.0,0.2,505.4,722.0,260.0,50.2,0
173,7.51,50.0,54.55,98.01,32.0,17.0,0.0,7.0,513.1,733.0,188.0,58.59,0
174,7.4,167.0,55.33,178.9,35.0,12.75,0.0,21.0,570.5,815.0,180.0,71.51,0
175,7.7,32.0,56.12,30.82,45.0,25.16,0.0,14.0,668.5,955.0,180.0,58.92,0
176,7.05,63.0,56.91,79.37,25.0,19.15,0.0,25.0,508.9,727.0,300.0,61.99,0
177,9.08,86.0,57.69,31.44,20.0,17.77,0.0,9.0,375.2,536.0,224.0,53.45,0
178,10.01,187.0,58.48,34.89,22.0,22.71,0.0,5.0,385.0,550.0,364.0,67.59,0
179,7.0,65.0,59.27,32.0,45.0,15.42,0.0,61.0,556.5,795.0,460.0,60.73,0
180,7.62,43.0,60.06,29.36,24.0,12.98,0.0,7.0,461.3,659.0,264.0,49.28,0
181,7.63,33.0,60.84,32.09,23.0,11.0,0.0,2.0,431.9,617.0,316.0,48.82,0
182,8.34,145.0,61.63,55.01,28.0,8.09,0.0,3.0,535.5,765.0,368.0,58.61,0
183,7.61,122.0,62.42,43.01,24.0,7.0,0.0,2.0,481.6,688.0,364.0,53.66,0
184,8.1,57.0,63.2,43.98,28.0,6.0,0.0,9.0,475.3,679.0,320.0,49.49,0
185,8.22,96.0,63.99,22.56,30.0,11.03,0.0,7.0,559.3,799.0,340.0,54.64,0
186,8.41,56.0,64.78,49.01,29.0,19.63,0.0,5.0,496.3,709.0,324.0,61.36,0
187,8.09,78.0,65.56,88.0,23.0,9.0,0.0,7.0,428.4,612.0,288.0,56.6,0
188,8.44,87.0,66.35,25.36,31.0,7.09,0.0,9.0,566.3,809.0,364.0,53.12,0
189,8.22,90.0,67.14,23.09,30.0,14.0,0.0,7.0,559.3,799.0,340.0,57.26,0
190,8.13,37.1,10.0,0.0,44.8,4.6,100.1,80.0,0.0,494.0,178.9,30.03,0
191,8.07,35.1,18.0,0.0,52.1,4.8,117.1,78.0,0.0,537.0,186.0,32.9,0
192,8.16,38.3,23.0,0.0,50.5,5.3,103.9,90.0,0.0,562.0,215.9,35.02,0
193,8.34,37.4,25.0,0.0,55.6,5.0,111.0,81.1,0.0,570.0,202.5,35.24,0
194,8.35,40.4,18.0,0.0,53.2,5.6,115.7,77.4,0.0,598.0,192.3,34.48,0
195,8.22,51.1,13.0,0.0,59.0,10.6,80.2,77.0,0.0,629.0,210.3,36.99,0
196,8.51,44.3,14.0,0.0,67.6,6.0,77.7,76.4,0.0,666.0,188.6,33.33,0
197,8.59,49.4,10.0,0.0,74.3,6.5,109.4,62.5,0.0,656.0,165.6,33.93,0
198,8.31,49.4,50.0,0.0,79.8,6.5,81.3,65.5,0.0,588.0,165.6,39.52,0
199,8.45,49.4,10.0,0.0,82.1,6.5,84.7,67.1,0.0,615.0,165.6,32.77,0
200,8.76,48.0,30.0,0.0,86.3,7.0,81.05,74.21,0.0,608.8,179.84,37.5,0
201,8.64,54.0,20.0,0.0,85.0,7.4,113.07,76.5,0.0,627.2,186.5,37.91,0
202,8.87,50.0,30.0,0.0,86.4,7.0,145.7,70.37,0.0,654.7,205.37,41.59,0
203,8.61,53.0,40.0,0.0,95.2,7.7,140.11,74.75,0.0,639.6,220.13,44.29,0
204,8.23,68.0,50.0,0.0,85.7,8.5,143.14,72.51,0.0,672.5,229.54,47.31,0
205,8.28,57.75,20.0,0.0,91.8,8.79,149.27,70.55,0.0,683.0,207.23,41.46,0
206,8.01,58.13,30.0,0.0,96.7,7.61,135.77,89.75,0.0,711.2,235.01,43.03,0
207,8.11,57.9,30.0,0.0,92.4,7.88,136.15,49.12,0.0,695.0,190.67,41.03,0
208,7.96,54.7,80.0,0.0,83.5,7.44,124.85,76.0,0.0,648.5,177.81,48.57,0
209,8.27,57.41,20.0,0.0,86.4,8.07,132.58,74.0,0.0,652.0,180.89,39.07,0
210,7.93,61.0,30.0,0.0,76.0,8.3,125.51,78.0,0.0,633.8,162.8,39.7,0
211,7.64,56.0,30.0,0.0,78.5,9.2,132.63,78.0,0.0,648.8,156.96,40.18,0
212,7.17,59.0,240.0,0.0,75.4,8.8,138.07,74.0,0.0,656.4,191.32,78.92,0
213,8.59,72.3,30.0,0.0,81.1,10.27,137.95,76.0,0.0,634.6,199.89,44.13,0
214,8.71,60.04,20.0,0.0,82.2,8.37,135.75,86.0,0.0,665.7,198.0,40.65,0
215,8.75,85.84,10.0,0.0,76.8,12.8,135.17,84.0,0.0,665.6,204.12,43.36,0
216,8.4,85.84,17.97,0.0,75.7,0.0,135.29,68.0,0.0,663.8,185.68,33.9,0
217,8.27,52.0,62.5,0.0,93.1,7.8,127.94,74.0,0.0,658.8,151.23,45.47,0
218,8.47,58.25,51.0,0.0,90.9,8.07,134.79,90.0,0.0,656.2,165.88,45.03,0
219,8.13,58.25,5.01,0.0,94.8,0.0,125.88,0.0,0.0,663.7,175.91,28.65,0
220,7.88,55.09,32.5,0.0,82.1,7.77,121.97,58.54,0.0,677.2,145.56,38.81,0
221,8.06,46.0,137.26,0.0,66.1,8.2,127.0,51.66,0.0,473.5,144.04,56.43,0
222,7.64,18.0,148.01,0.0,28.82,5.0,64.0,27.26,0.0,279.4,96.36,47.37,0
223,7.25,13.91,104.44,0.0,13.0,4.68,62.72,26.55,0.0,245.1,82.45,37.5,0
224,7.57,17.41,35.07,0.0,33.84,3.81,88.61,72.03,0.0,355.0,86.07,28.02,0
225,7.95,25.52,41.98,0.0,0.0,4.51,94.9,78.3,0.0,440.2,102.89,30.87,0
226,8.0,27.57,35.8,0.0,38.75,4.37,95.51,98.87,0.0,513.3,107.24,31.88,0
227,8.1,39.57,10.0,0.0,64.99,5.79,104.47,81.71,0.0,1615.0,145.09,36.83,0
228,8.31,43.12,22.72,0.0,42.17,6.1,103.67,92.0,0.0,606.2,209.95,35.77,0
229,8.02,45.19,56.88,0.0,44.96,5.89,113.25,115.27,0.0,632.0,163.45,41.31,0
230,7.99,45.19,30.25,0.0,49.02,5.89,122.1,91.38,0.0,657.2,163.45,36.67,0
231,8.27,45.19,61.0,0.0,92.94,5.89,329.06,91.19,0.0,676.0,183.67,53.97,0
232,8.05,54.0,64.2,0.0,68.81,7.2,106.15,63.71,0.0,682.0,187.84,44.53,0
233,8.05,62.0,247.67,0.0,88.37,7.5,115.98,99.48,0.0,704.6,249.33,82.16,0
234,8.16,62.0,43.25,0.0,95.05,7.5,139.89,89.35,0.0,715.0,230.7,45.69,0
235,7.86,41.72,86.73,0.0,96.43,5.49,125.94,92.32,0.0,735.5,174.85,48.75,0
236,8.47,41.72,11.13,0.0,91.46,5.49,127.87,96.33,0.0,711.5,212.43,36.59,0
237,8.47,41.72,0.0,0.0,84.23,5.49,130.51,98.69,0.0,705.5,212.43,34.48,0
238,8.25,41.72,97.25,0.0,87.46,5.49,140.74,97.88,0.0,717.2,212.43,52.57,0
239,8.19,62.0,18.75,0.0,83.52,8.1,143.24,94.17,0.0,733.0,248.86,42.25,0
240,8.42,70.64,27.77,0.0,86.17,8.92,144.92,94.86,0.0,738.6,248.86,45.32,0
241,8.41,60.58,35.42,0.0,87.15,10.76,133.13,81.51,0.0,733.7,213.65,45.8,0
242,8.32,66.85,10.0,0.0,85.0,9.14,137.78,87.7,0.0,773.2,188.13,39.85,0
243,8.32,66.85,10.0,0.0,85.0,9.14,137.78,87.7,0.0,773.2,188.13,39.85,0
244,8.57,58.7,10.0,0.0,84.57,8.43,133.09,76.05,0.0,782.8,192.23,38.91,0
245,8.24,74.64,10.0,0.0,85.66,11.06,156.82,20.0,0.0,736.2,155.79,40.06,0
246,8.63,64.29,129.0,0.0,84.92,11.13,122.85,83.07,0.0,622.5,166.01,60.92,0
247,8.43,87.46,119.75,0.0,65.82,5.45,113.1,58.46,0.0,578.0,150.35,53.62,0
248,8.44,61.52,123.6,0.0,69.77,7.89,191.27,65.39,0.0,707.8,158.61,59.75,0
249,8.79,61.52,65.0,0.0,65.88,7.89,185.46,73.04,0.0,621.5,164.77,48.9,0
250,7.09,61.52,44.0,0.0,65.88,7.89,109.0,73.04,0.0,498.8,156.0,39.09,0
251,7.98,61.52,14.0,0.0,50.0,5.4,136.0,53.0,0.0,534.0,185.0,34.03,0
252,8.41,42.0,100.0,0.0,55.0,6.0,123.0,53.0,0.0,540.0,174.0,48.9,0
253,8.11,46.0,50.0,0.0,61.0,6.3,117.0,70.0,0.0,571.6,174.0,40.32,0
254,8.13,54.0,48.0,0.0,64.0,7.5,120.0,68.0,0.0,612.0,139.0,40.6,0
255,7.94,52.0,2.4,0.0,66.0,7.9,121.0,72.0,0.0,620.7,189.0,34.08,0
256,8.33,60.0,81.0,0.0,80.0,7.8,113.0,78.0,0.0,606.4,121.0,47.06,0
257,7.02,18.0,6.1,0.0,19.0,5.0,16.0,23.0,0.0,265.1,65.0,17.4,0
258,7.35,20.0,8.1,0.0,28.0,5.0,62.0,38.0,0.0,313.5,88.0,21.76,0
259,7.45,0.0,22.0,0.0,30.0,5.0,71.0,32.0,0.0,339.0,102.0,24.39,0
260,7.34,25.0,6.6,0.0,34.0,5.0,86.0,47.0,0.0,399.8,116.0,24.45,0
261,7.94,28.0,5.7,0.0,56.0,6.0,103.0,51.0,0.0,456.5,149.0,28.56,0
262,7.09,38.0,2.4,0.0,48.0,5.0,109.0,59.0,0.0,498.8,156.0,27.47,0
263,7.98,42.0,44.0,0.0,50.0,5.4,116.0,53.0,0.0,534.0,185.0,37.69,0
264,8.41,42.0,100.0,0.0,55.0,6.0,123.0,53.0,0.0,540.0,174.0,48.9,0
265,8.11,46.0,50.0,0.0,61.0,6.3,117.0,70.0,0.0,571.6,165.0,40.05,0
266,8.13,54.0,48.0,0.0,64.0,7.5,120.0,68.0,0.0,612.0,139.0,40.6,0
267,7.94,52.0,2.4,0.0,66.0,7.9,121.0,72.0,0.0,620.7,189.0,34.08,0
268,8.33,60.0,81.0,0.0,80.0,7.8,113.0,78.0,0.0,606.4,121.0,47.06,0
269,8.36,50.0,37.0,0.0,78.0,8.3,110.0,83.0,0.0,629.0,145.0,39.75,0
270,8.43,52.0,22.0,0.0,82.0,8.9,93.0,78.0,0.0,661.8,156.0,37.4,0
271,8.25,64.0,29.0,0.0,78.0,10.4,111.0,81.0,0.0,689.6,165.0,41.36,0
272,8.28,55.0,23.0,0.0,97.0,8.7,126.0,86.0,0.0,715.8,180.0,40.55,0
273,8.77,73.0,6.4,0.0,91.0,9.6,123.0,94.0,0.0,721.0,192.0,39.71,0
274,8.95,52.0,76.0,0.0,82.0,7.8,131.0,79.0,0.0,733.8,214.0,50.76,0
275,8.94,31.8,19.4,31.2,29.9,3.0,125.9,32.0,0.0,431.0,157.7,33.7,0
276,9.11,30.0,20.3,32.2,30.6,4.8,145.1,30.0,0.0,448.0,164.1,36.57,0
277,8.3,33.7,20.1,32.0,33.1,5.4,128.0,45.0,0.0,472.0,162.8,36.03,0
278,9.01,32.3,20.7,33.4,31.9,5.3,136.9,45.8,0.0,469.0,168.6,37.38,0
279,8.69,33.6,19.4,32.1,29.9,5.8,149.4,45.4,0.0,492.0,165.1,37.64,0
280,8.69,23.6,17.3,29.7,33.6,9.8,108.3,23.0,0.0,485.0,145.5,36.75,0
281,8.9,31.1,17.2,27.6,30.9,5.0,84.7,40.9,0.0,468.0,139.8,32.28,0
282,8.78,33.3,17.9,24.9,34.8,5.5,111.4,34.2,0.0,425.0,136.3,33.32,0
283,8.6,33.3,16.0,19.8,34.1,5.5,79.0,35.9,0.0,368.0,0.1,26.3,0
284,8.97,33.3,17.0,19.6,37.0,5.4,81.8,35.3,0.0,395.0,0.1,27.07,0
285,9.42,32.0,15.0,22.0,38.9,6.5,73.72,41.66,0.0,400.0,117.39,31.58,0
286,9.4,33.0,16.0,24.26,45.0,6.8,100.45,45.1,0.0,419.5,126.55,34.14,0
287,8.69,33.0,16.0,25.0,45.0,6.8,139.5,45.1,0.0,427.0,129.04,35.45,0
288,9.2,38.0,18.6,28.4,42.9,7.5,128.45,39.6,0.0,444.6,148.36,37.59,0
289,8.77,40.0,20.42,29.98,42.3,7.6,132.56,45.77,0.0,465.0,159.89,38.61,0
290,8.07,44.55,18.79,28.1,38.6,7.05,130.58,39.61,0.0,446.0,148.38,36.46,0
291,8.77,35.37,17.92,29.43,40.0,6.21,127.37,47.42,0.0,441.6,148.07,36.07,0
292,8.2,34.31,16.05,25.85,41.4,6.51,141.55,27.65,0.0,466.0,131.37,34.89,0
293,8.62,32.13,0.01,27.85,36.6,5.44,137.84,30.0,0.0,444.4,141.62,31.63,0
294,8.19,33.38,17.62,24.46,35.8,6.15,120.08,28.0,0.0,419.7,134.46,33.39,0
295,8.28,32.0,16.5,17.75,30.2,6.4,103.8,35.0,0.0,387.0,113.04,30.98,0
296,7.95,30.0,17.0,18.5,22.1,6.0,114.43,35.0,0.0,404.5,116.99,30.91,0
297,6.96,35.0,18.75,22.0,34.9,6.8,118.04,40.0,0.0,427.6,133.02,32.81,0
298,8.28,35.0,19.22,24.99,34.9,6.8,121.44,37.0,0.0,455.0,142.43,35.03,0
299,8.28,35.0,19.22,24.99,34.9,6.8,121.44,30.0,0.0,455.0,142.43,34.9,0
300,8.08,35.0,18.15,29.57,34.9,6.8,127.32,37.0,0.0,480.0,149.4,35.81,0
301,8.19,35.0,17.0,30.0,39.8,6.8,138.21,35.0,0.0,508.3,145.68,36.4,0
302,8.25,41.0,14.71,19.9,56.0,7.8,128.02,50.0,0.0,523.5,110.94,35.18,0
303,8.53,39.55,14.82,27.03,52.5,7.5,131.15,44.0,0.0,487.2,129.18,36.32,0
304,8.57,39.55,14.71,24.57,52.0,7.5,116.0,39.9,0.0,481.0,122.59,35.03,0
305,8.41,29.61,13.04,19.57,34.61,5.85,112.65,22.73,0.0,433.2,103.14,30.43,0
306,8.32,31.0,51.33,22.33,35.46,6.5,73.33,32.65,0.0,380.0,114.06,36.66,0
307,8.2,25.0,12.75,20.5,28.55,6.0,86.0,28.37,0.0,314.8,104.27,28.3,0
308,8.14,16.09,12.55,21.97,15.46,4.12,97.07,27.54,0.0,312.7,107.1,26.73,0
309,8.3,19.3,12.64,20.53,27.13,4.31,108.57,37.52,0.0,371.8,103.9,28.28,0
310,8.19,26.81,15.73,27.61,25.86,5.64,167.25,59.0,0.0,432.0,134.43,35.22,0
311,7.87,26.94,13.71,31.1,29.66,4.35,128.64,32.64,0.0,468.0,134.72,32.08,0
312,8.26,26.94,15.18,23.63,29.66,4.35,130.01,0.0,0.0,468.5,122.17,30.9,0
313,8.28,33.83,16.91,34.39,25.57,6.9,136.13,35.47,0.0,486.2,156.25,36.71,0
314,8.16,39.33,17.58,35.88,25.0,8.1,149.48,53.46,0.0,512.5,162.76,39.31,0
315,8.61,39.33,15.0,31.67,29.24,8.1,148.55,49.39,0.0,513.5,162.76,38.77,0
316,8.89,39.33,13.77,23.98,25.0,8.1,134.68,47.81,0.0,478.0,117.21,35.52,0
317,8.73,34.0,15.64,25.37,43.29,7.5,115.91,40.36,0.0,416.8,128.46,34.76,0
318,8.91,26.0,22.28,23.93,30.39,5.6,111.24,29.72,0.0,374.6,152.55,33.87,0
319,9.16,26.0,17.54,24.44,36.01,5.6,129.75,33.67,0.0,396.4,134.09,33.94,0
320,8.59,42.67,15.54,27.78,40.09,5.62,144.31,33.95,0.0,425.0,134.08,35.17,0
321,8.46,42.6,17.65,30.11,39.37,5.62,132.68,35.33,0.0,451.7,148.67,35.77,0
322,7.95,50.0,18.0,31.03,40.68,5.62,141.48,37.01,0.0,475.0,148.67,36.4,0
323,8.3,42.67,20.0,35.66,40.68,5.62,150.41,40.2,0.0,501.3,148.67,37.92,0
324,8.41,42.0,21.56,30.71,44.23,7.8,206.28,36.37,0.0,513.4,165.96,42.5,0
325,8.23,48.97,21.24,35.0,58.94,8.75,139.19,37.79,0.0,522.5,165.96,41.3,0
326,8.21,39.27,48.78,26.78,59.74,8.01,140.53,54.63,0.0,546.3,164.01,44.75,0
327,8.66,39.27,16.27,32.74,48.32,8.01,146.77,46.89,0.0,581.2,149.48,39.52,0
328,8.82,41.09,15.66,32.92,52.27,8.61,144.76,47.36,0.0,578.0,147.37,40.08,0
329,9.03,43.41,16.18,27.7,50.74,9.19,126.42,52.8,0.0,544.2,136.5,38.99,0
330,8.55,43.21,13.16,23.18,44.37,10.16,135.85,45.1,0.0,484.0,112.67,37.22,0
331,8.1,46.51,14.54,25.24,47.19,12.19,107.59,45.14,0.0,430.5,123.54,37.83,0
332,8.21,39.27,48.78,26.78,59.74,9.0,140.53,53.2,0.0,495.0,164.01,45.2,0
333,8.36,29.15,15.84,27.91,43.35,5.11,178.1,41.2,0.0,475.6,135.63,36.11,0
334,8.19,27.0,15.69,28.73,44.16,5.11,166.04,43.52,0.0,485.8,137.05,35.54,0
335,8.11,28.0,15.69,43.0,40.9,5.11,132.0,50.0,0.0,536.0,140.9,36.09,0
336,8.19,30.33,15.69,27.5,48.0,10.0,141.0,51.1,0.0,540.3,150.0,39.04,0
337,8.11,51.0,15.69,31.3,47.0,11.0,142.0,45.0,0.0,520.3,145.0,40.77,0
338,7.62,0.0,15.69,28.7,42.0,0.0,140.0,42.0,0.0,555.0,159.0,29.66,0
339,7.48,0.0,15.69,29.5,50.0,10.0,140.0,39.0,0.0,517.5,137.0,36.52,0
340,7.67,0.0,15.0,28.0,42.0,9.3,123.0,39.0,0.0,471.7,132.0,34.45,0
341,7.79,44.0,15.0,28.0,40.0,9.4,139.0,19.0,0.0,440.4,133.0,36.8,0
342,8.18,36.0,14.0,26.0,36.0,8.0,112.0,29.0,0.0,409.5,121.0,33.63,0
343,8.25,27.0,12.0,23.0,29.0,6.0,99.1,18.0,0.0,391.5,106.0,29.49,0
344,7.94,33.0,14.0,25.0,33.0,6.0,104.0,24.0,0.0,409.0,121.0,31.08,0
345,8.81,33.0,14.0,26.0,36.0,8.0,109.0,37.0,0.0,448.5,123.0,34.36,0
346,8.53,35.0,16.0,23.3,40.0,11.0,112.0,40.0,0.0,476.0,111.0,36.59,0
347,8.22,43.0,15.0,28.0,43.0,7.0,118.0,37.0,0.0,499.8,133.0,35.13,0
348,8.04,46.0,18.0,33.0,44.0,8.1,127.0,29.0,0.0,537.8,160.0,38.39,0
349,7.86,46.0,16.0,30.5,45.0,9.0,131.0,30.0,0.0,522.7,142.0,37.84,0
350,7.95,45.0,16.0,28.5,47.0,12.0,129.0,43.0,0.0,518.0,136.0,39.91,0
351,8.58,52.0,13.0,22.0,50.0,11.6,126.0,40.0,0.0,517.0,107.0,38.2,0
352,7.79,44.0,15.0,27.2,43.0,11.8,115.0,1.6,0.0,502.5,131.0,37.48,0
353,7.71,46.0,11.0,21.8,49.0,11.6,129.0,40.0,0.0,498.6,102.0,36.58,0
354,7.89,39.0,14.0,24.6,44.0,8.4,127.0,43.0,0.0,473.8,119.0,35.09,0
355,8.27,35.0,15.0,27.3,45.0,10.8,121.0,39.0,0.0,413.8,131.0,37.32,0
356,7.49,16.0,7.3,13.8,14.0,6.6,63.0,24.0,0.0,287.0,64.0,22.95,0
357,7.89,27.0,11.0,17.1,26.0,4.5,90.0,25.0,0.0,367.3,87.0,26.04,0
358,7.87,30.0,9.33,25.1,30.0,5.0,100.0,28.3,0.0,424.0,90.0,28.23,0
359,8.8,33.0,17.0,25.38,44.0,6.6,116.32,43.27,0.0,466.0,133.21,34.85,0
360,7.91,29.9,20.3,33.2,29.5,5.0,151.6,24.0,0.0,467.0,166.5,36.04,0
361,7.82,33.2,22.3,37.4,32.5,5.4,127.5,54.0,0.0,477.0,185.0,37.44,0
362,8.07,32.6,21.2,35.3,31.7,5.3,136.2,40.8,0.0,490.0,175.7,37.03,0
363,8.4,33.3,20.98,34.3,29.2,8.23,133.0,37.8,0.0,389.0,150.85,37.86,0
364,8.28,37.2,16.4,33.0,30.7,11.1,111.1,27.0,0.0,501.0,149.9,38.53,0
365,8.49,34.9,15.1,23.7,31.3,5.1,95.5,37.4,0.0,474.0,121.6,31.21,0
366,8.64,33.0,17.5,24.9,31.7,5.4,115.7,36.0,0.0,452.0,135.6,33.29,0
367,9.24,30.0,14.98,20.9,44.3,6.0,69.5,36.4,0.0,369.0,160.0,31.81,0
368,9.2,35.0,10.9,19.7,36.6,6.8,85.85,32.57,0.0,385.5,145.3,31.8,0
369,9.69,32.0,15.0,22.0,38.8,6.4,73.1,39.88,0.0,397.2,117.39,31.68,0
370,8.8,33.0,17.0,25.38,44.0,6.6,116.32,43.27,0.0,466.0,133.21,34.85,0
371,8.42,35.0,20.0,30.0,45.1,6.4,140.63,36.34,0.0,467.3,158.18,37.32,0
372,8.29,40.0,20.0,29.8,44.7,7.6,134.74,41.8,0.0,477.4,157.68,38.16,0
373,8.35,42.0,21.0,29.74,42.6,8.2,134.27,44.07,0.0,470.3,161.7,38.98,0
374,8.1,42.14,17.28,27.79,37.3,7.11,126.4,36.8,0.0,455.0,141.35,35.66,0
375,7.88,37.06,19.14,31.64,39.4,6.74,138.42,47.91,0.0,474.7,158.7,37.2,0
376,8.59,35.15,16.59,23.64,45.9,6.4,124.42,49.63,0.0,460.0,128.13,34.67,0
377,8.02,31.82,17.0,27.38,38.5,5.85,138.78,26.0,0.0,461.2,139.16,34.44,0
378,7.93,33.21,17.37,23.65,34.7,6.08,130.42,22.0,0.0,454.7,131.39,33.37,0
379,8.57,35.0,16.5,20.0,30.6,6.4,107.25,26.0,0.0,386.2,113.04,31.66,0
380,7.93,34.0,18.5,20.3,33.1,6.5,118.89,36.0,0.0,408.0,125.74,32.78,0
381,7.68,36.0,14.75,17.4,32.5,7.1,126.68,35.0,0.0,433.8,133.23,32.74,0
382,8.03,36.58,23.69,28.92,37.8,5.72,132.55,36.0,0.0,458.8,170.86,36.79,0
383,7.72,40.79,18.75,29.18,41.8,6.35,131.07,41.0,0.0,491.5,150.93,36.02,0
384,7.94,39.37,19.78,29.76,38.7,6.97,145.29,43.0,0.0,505.4,156.68,37.72,0
385,8.11,40.1,18.0,28.0,40.6,7.0,151.73,34.0,0.0,520.3,144.86,37.31,0
386,8.15,43.0,14.34,23.51,51.8,7.9,138.71,48.0,0.0,540.0,118.39,36.26,0
387,7.87,47.53,16.11,31.12,62.8,9.16,138.4,42.0,0.0,442.1,144.77,38.89,0
388,8.6,33.0,16.9,26.42,51.5,8.0,119.93,35.3,0.0,486.0,136.33,36.28,0
389,8.27,29.45,13.89,20.09,44.21,5.73,109.03,22.54,0.0,444.7,107.99,30.75,0
390,8.03,29.0,14.67,24.33,42.24,6.4,103.0,32.75,0.0,413.8,121.82,31.77,0
391,7.49,25.0,13.25,22.75,41.71,5.9,74.0,27.56,0.0,339.5,111.97,28.13,0
392,8.45,14.03,12.22,22.69,14.0,3.78,97.65,25.93,0.0,316.3,107.53,26.68,0
393,7.93,17.96,12.16,20.54,26.84,4.06,110.98,36.8,0.0,1090.8,101.92,31.47,0
394,7.91,27.1,15.15,23.76,34.23,5.82,136.62,46.28,0.0,448.4,122.42,32.89,0
395,7.95,40.94,11.34,31.31,27.69,7.89,136.49,29.75,0.0,476.0,146.66,35.72,0
396,7.89,31.99,14.56,23.39,35.75,6.54,140.33,27.22,0.0,479.4,119.04,33.41,0
397,7.84,31.4,16.16,26.24,25.19,6.38,141.55,139.47,0.0,496.7,132.79,36.14,0
398,8.06,36.63,16.91,31.24,25.0,7.72,149.88,54.45,0.0,517.2,148.39,37.75,0
399,8.59,40.4,15.3,31.37,26.14,9.0,154.68,45.15,0.0,515.5,150.8,39.26,0
400,9.16,45.2,14.85,29.94,51.74,8.3,136.56,51.83,0.0,477.0,136.56,38.66,0
401,7.66,36.0,15.7,24.93,36.64,8.2,112.54,35.1,0.0,406.0,128.91,33.85,0
402,8.84,28.0,22.59,23.64,25.0,5.6,116.55,28.11,0.0,373.8,153.11,33.98,0
403,7.69,33.3,17.74,25.08,36.47,6.9,134.2,33.87,0.0,401.8,136.48,34.32,0
404,8.95,42.41,15.53,27.53,40.6,5.35,134.04,33.97,0.0,423.2,133.4,34.78,0
405,8.71,33.5,17.89,28.65,39.17,5.9,131.96,35.21,0.0,447.2,146.03,35.52,0
406,7.91,33.7,19.0,31.26,40.27,6.3,143.26,38.57,0.0,477.0,157.2,36.71,0
407,7.98,30.5,20.2,33.91,43.42,3.9,155.75,35.04,0.0,512.8,161.3,36.27,0
408,8.06,29.98,21.77,31.53,45.95,11.0,151.88,36.3,0.0,533.6,168.64,41.95,0
409,8.2,50.51,22.63,25.1,46.39,9.21,148.82,41.6,0.0,530.3,170.8,41.05,0
410,8.21,38.75,14.92,17.11,47.1,7.89,142.2,42.93,0.0,543.8,157.41,36.57,0
411,8.75,37.9,16.82,35.38,48.91,10.0,153.03,45.67,0.0,590.8,158.34,42.07,0
412,8.04,39.74,15.58,32.58,51.74,8.06,147.8,51.86,0.0,580.3,146.21,38.99,0
413,8.77,53.43,16.71,28.18,50.67,7.86,133.89,20.24,0.0,555.0,139.94,38.25,0
414,8.23,42.01,13.59,23.76,47.42,8.61,142.95,46.46,0.0,494.4,115.92,36.43,0
415,8.5,50.0,14.0,25.0,50.0,11.0,115.0,44.0,0.0,509.6,119.0,38.02,0
416,8.59,60.61,13.94,26.74,39.5,5.48,113.59,40.28,0.0,457.5,124.8,34.05,0
417,8.18,42.5,14.96,28.81,43.41,7.06,190.38,42.92,0.0,481.2,134.22,38.55,0
418,7.97,43.3,16.38,20.89,41.37,8.0,178.26,42.34,0.0,497.5,120.38,37.44,0
419,7.94,33.9,17.75,34.09,42.9,9.3,132.8,41.9,0.0,529.0,145.5,38.72,0
420,2.41,50.4,18.12,29.99,45.84,10.6,145.6,40.05,0.0,540.4,150.32,35.69,0
421,8.11,49.5,16.52,28.92,46.86,11.5,157.78,42.94,0.0,547.5,140.99,41.64,0
422,7.89,45.2,16.93,34.69,53.35,9.05,157.35,43.74,0.0,551.8,157.09,40.86,0
423,7.96,52.7,13.94,2.2,50.85,10.5,159.31,41.42,0.0,527.5,133.35,37.01,0
424,8.34,43.7,14.95,26.94,41.02,9.42,137.7,37.66,0.0,489.0,129.51,37.65,0
425,7.71,41.0,11.0,21.8,46.0,11.0,129.0,40.0,0.0,498.6,102.0,35.81,0
426,7.89,48.0,14.0,24.6,39.0,9.0,127.0,43.0,0.0,473.8,119.0,35.8,0
427,7.55,37.8,12.0,29.0,47.0,7.0,98.0,26.0,0.0,421.7,123.0,32.13,0
428,7.33,32.3,14.0,26.0,32.0,6.0,110.0,1.2,0.0,413.8,122.0,30.48,0
429,7.64,31.0,14.0,26.0,35.0,7.0,118.0,37.0,0.0,453.8,122.0,32.79,0
430,8.09,35.0,0.18,22.0,40.0,7.0,141.0,31.0,0.0,493.0,128.0,31.88,0
431,7.42,44.0,16.0,28.0,43.0,8.0,115.0,44.0,0.0,524.8,136.0,35.58,0
432,7.69,45.0,19.0,33.0,44.0,8.5,162.0,31.0,0.0,567.0,160.0,40.29,0
433,7.95,45.0,16.0,31.0,44.0,8.6,163.0,51.0,0.0,553.0,145.0,39.7,0
434,8.01,45.0,15.03,28.0,8.98,8.8,161.0,52.0,0.0,350.0,133.0,36.78,0
435,7.87,51.0,12.91,21.0,46.0,12.4,156.0,38.0,0.0,553.3,105.0,39.3,0
436,7.82,48.0,16.28,30.0,46.0,11.6,153.0,42.0,0.0,531.3,142.0,41.15,0
437,7.93,93.0,11.0,20.2,48.0,10.8,145.0,36.0,0.0,519.6,96.0,38.68,0
438,8.02,38.0,15.0,22.4,45.0,11.2,148.0,35.0,0.0,488.6,120.0,38.15,0
439,8.08,34.0,14.0,24.7,43.0,8.6,118.0,39.0,0.0,438.2,120.0,34.53,0
440,7.59,16.0,7.4,14.7,14.0,5.8,73.0,23.0,0.0,292.2,67.0,23.12,0
441,7.73,26.0,11.0,17.7,26.0,4.2,103.0,30.0,0.0,379.5,91.0,26.56,0
442,7.79,32.0,13.0,24.4,33.0,7.1,112.0,33.0,0.0,438.5,114.0,31.95,0
443,7.95,20.6,13.8,21.1,12.8,3.1,80.6,52.0,0.0,287.0,109.6,25.66,0
444,7.62,29.9,14.8,20.3,12.5,3.6,95.4,26.0,0.0,292.0,111.8,26.52,0
445,7.8,30.0,15.0,25.0,14.0,3.3,89.8,24.8,0.0,290.0,100.0,26.47,0
446,7.53,17.1,15.2,22.9,16.7,4.5,87.5,64.7,0.0,317.0,119.9,27.77,0
447,7.47,20.1,16.2,21.9,13.3,4.3,98.8,51.4,0.0,328.0,124.0,28.11,0
448,7.46,9.7,14.9,22.6,14.0,7.6,81.9,43.0,0.0,354.0,117.9,29.03,0
449,7.43,21.6,13.3,26.6,12.9,4.2,64.2,55.5,0.0,354.0,107.8,26.25,0
450,7.32,18.8,13.9,20.9,11.2,4.0,77.1,45.1,0.0,315.0,103.8,25.3,0
451,7.37,18.8,11.0,17.1,14.0,4.0,65.1,36.3,0.0,275.0,103.8,23.52,0
452,7.55,16.3,12.0,12.6,16.3,4.4,74.6,26.3,0.0,279.0,103.8,23.86,0
453,7.3,19.0,15.0,20.0,22.0,5.4,72.03,22.52,0.0,300.5,112.4,26.31,0
454,7.59,18.0,14.0,20.48,21.0,5.2,105.44,24.3,0.0,305.3,108.23,27.68,0
455,7.6,18.0,15.33,20.67,22.7,5.4,125.83,58.04,0.0,328.3,115.45,30.04,0
456,7.68,19.0,16.4,21.0,27.5,7.1,113.31,21.85,0.0,323.6,120.73,30.74,0
457,7.49,23.0,17.67,21.03,23.6,8.3,106.89,28.61,0.0,325.5,126.07,31.77,0
458,7.3,15.94,12.86,18.19,20.0,7.04,77.81,46.79,0.0,278.0,98.97,26.92,0
459,7.29,19.21,14.13,20.21,17.7,5.42,83.05,63.03,0.0,277.0,109.29,27.08,0
460,7.19,17.83,12.53,19.0,14.7,3.82,91.13,40.35,0.0,300.0,99.6,24.97,0
461,7.31,16.09,13.29,18.25,10.8,3.27,96.8,41.0,0.0,294.0,100.91,24.79,0
462,7.14,20.05,11.26,14.52,15.4,4.08,103.23,36.0,0.0,304.0,106.42,25.17,0
463,7.35,22.0,16.5,19.5,14.9,4.2,113.63,36.0,0.0,333.8,117.4,28.05,0
464,6.88,23.0,17.5,20.5,18.3,5.4,123.29,20.0,0.0,340.8,124.06,29.36,0
465,6.69,24.0,18.0,18.5,17.7,5.6,115.26,45.0,0.0,341.0,121.16,29.21,0
466,7.74,72.95,19.62,36.24,20.0,10.29,111.78,33.0,0.0,328.0,172.16,39.58,0
467,7.95,67.9,18.6,29.2,19.9,11.0,100.8,30.3,0.0,333.0,135.2,37.41,0
468,7.57,32.66,16.67,22.49,20.9,8.68,110.67,34.0,0.0,342.4,125.55,32.83,0
469,7.71,28.3,17.0,20.0,22.4,10.0,114.57,28.0,0.0,363.6,120.73,33.6,0
470,7.49,22.0,15.78,22.8,26.7,7.2,110.55,31.0,0.0,377.2,122.65,31.24,0
471,7.29,16.38,13.94,18.82,25.3,7.99,104.68,32.0,0.0,333.0,105.04,29.52,0
472,6.81,15.3,12.09,17.75,16.7,5.5,59.93,30.3,0.0,195.3,94.66,23.29,0
473,6.84,10.93,9.29,11.28,8.52,3.73,79.1,14.48,0.0,241.6,66.86,20.22,0
474,7.02,14.0,11.75,15.25,9.98,4.0,86.0,16.03,0.0,233.3,87.01,22.62,0
475,6.63,9.0,8.75,12.75,16.82,4.2,60.0,0.71,0.0,165.5,68.27,19.14,0
476,6.72,9.4,8.82,13.63,4.35,3.63,61.14,36.06,0.0,199.0,70.79,19.51,0
477,6.86,9.44,8.36,13.63,6.7,2.77,60.15,29.78,0.0,205.1,68.87,18.79,0
478,7.26,11.34,7.46,11.35,8.39,2.67,70.63,29.81,0.0,219.6,59.4,19.06,0
479,7.33,26.94,8.3,15.58,11.11,4.35,70.78,20.65,0.0,244.3,73.45,22.25,0
480,7.12,14.15,6.23,13.72,13.21,4.13,71.38,27.88,0.0,252.7,72.76,20.95,0
481,7.1,14.39,9.9,19.07,9.68,4.01,79.86,47.31,0.0,271.4,88.82,23.38,0
482,7.25,12.84,53.51,27.92,25.0,5.0,89.79,46.41,0.0,296.5,292.61,40.41,0
483,7.32,10.0,12.5,17.51,25.0,8.3,108.38,31.8,0.0,309.8,185.0,31.52,0
484,7.12,12.1,9.92,13.59,25.0,5.98,94.45,25.77,0.0,277.9,75.26,24.49,0
485,7.2,11.0,13.79,16.53,25.0,5.2,90.15,20.77,0.0,279.6,98.71,25.42,0
486,7.33,15.0,25.43,21.73,37.0,6.6,110.28,24.11,0.0,306.6,160.18,32.87,0
487,7.58,14.3,17.44,19.89,25.0,6.6,128.59,30.45,0.0,322.0,122.32,30.92,0
488,7.56,36.06,16.45,27.84,25.0,7.27,109.19,34.56,0.0,329.0,138.02,32.89,0
489,7.66,21.8,16.24,23.21,25.0,5.5,104.89,37.33,0.0,336.0,125.58,29.91,0
490,7.41,19.3,17.0,23.07,19.23,9.2,107.03,39.62,0.0,348.7,99.2,31.72,0
491,7.71,20.9,19.0,26.17,25.0,8.3,115.11,39.13,0.0,363.3,90.5,32.48,0
492,7.54,21.0,18.7,23.88,25.0,7.2,110.78,40.24,0.0,390.0,137.43,32.54,0
493,7.57,39.71,24.3,10.0,25.0,10.27,108.73,47.97,0.0,413.5,125.9,34.91,0
494,7.49,30.32,12.39,18.71,25.31,9.23,118.22,50.8,0.0,445.0,144.92,33.75,0
495,7.62,0.0,17.01,28.92,25.11,8.95,128.46,61.62,0.0,493.5,143.03,35.21,0
496,7.5,36.07,17.03,29.11,75.38,8.69,126.06,89.91,0.0,487.0,143.57,38.48,0
497,7.5,30.58,17.54,24.68,25.0,7.65,114.61,59.22,0.0,456.0,134.66,33.96,0
498,7.24,28.4,13.73,19.33,25.0,6.99,122.52,44.03,0.0,388.6,105.45,30.61,0
499,7.95,30.0,15.1,20.5,24.8,7.0,135.2,50.5,0.0,400.0,100.0,32.33,0
500,6.88,35.3,11.1,14.7,25.0,5.0,67.6,32.6,0.0,265.2,83.0,24.0,0
501,7.01,20.34,13.07,17.55,25.0,5.0,132.7,35.56,0.0,319.0,98.22,27.9,0
502,7.17,20.34,14.28,16.93,25.0,9.0,118.51,26.7,0.0,336.7,101.72,30.62,0
503,7.27,32.0,14.9,20.3,26.89,12.5,98.62,32.76,0.0,316.86,109.89,33.83,0
504,7.23,30.8,17.9,21.51,46.68,11.1,101.49,32.22,0.0,438.6,128.25,35.29,0
505,7.09,28.3,16.38,20.4,30.23,12.2,122.06,46.11,0.0,430.0,121.02,35.89,0
506,7.09,30.1,20.47,27.08,34.52,13.1,122.0,53.55,0.0,449.0,152.56,39.53,0
507,7.09,36.3,15.96,27.63,36.95,15.3,194.0,52.39,0.0,453.3,135.44,43.56,0
508,6.77,18.4,12.54,14.84,10.65,7.0,89.94,25.68,0.0,266.0,89.28,25.57,0
509,6.25,22.0,14.0,17.0,10.0,5.0,124.0,1.6,0.0,236.0,99.0,25.48,0
510,6.29,17.0,11.0,15.0,13.0,5.0,80.0,27.0,0.0,262.5,82.0,22.68,0
511,6.8,13.0,9.0,10.0,6.7,6.0,69.0,13.0,0.0,273.5,61.0,21.24,0
512,6.43,17.0,11.0,11.0,12.0,5.0,76.0,41.0,0.0,307.8,86.0,22.74,0
513,6.41,19.0,13.0,17.0,16.0,7.0,141.0,3.3,0.0,271.6,96.0,27.91,0
514,6.21,19.0,14.0,11.0,20.0,8.0,81.0,15.0,0.0,291.0,87.0,25.38,0
515,6.87,20.0,12.0,13.0,17.0,15.0,99.0,3.6,0.0,344.0,95.4,32.28,0
516,7.26,29.0,15.0,18.0,21.0,13.0,100.0,26.0,0.0,350.8,106.0,33.62,0
517,7.38,27.0,12.0,15.3,22.0,12.0,108.0,40.0,0.0,359.5,89.0,32.19,0
518,7.25,27.0,14.0,19.4,27.0,15.2,109.0,35.0,0.0,384.2,106.0,36.11,0
519,7.06,26.0,10.0,13.6,18.0,11.8,109.0,23.0,0.0,358.3,77.0,30.37,0
520,6.85,32.0,16.0,21.1,22.0,11.2,127.0,41.0,0.0,308.7,120.0,34.3,0
521,7.0,18.0,10.0,15.0,5.0,2.7,96.0,43.0,0.0,291.4,80.0,22.34,0
522,6.68,19.0,11.0,12.7,6.9,3.5,91.0,54.0,0.0,309.8,77.0,22.63,0
523,6.66,14.0,24.0,49.7,17.0,1.6,208.0,15.0,0.0,307.0,224.0,37.15,0
524,7.17,17.3,11.0,50.0,21.8,5.9,180.3,18.9,0.0,2.1,195.0,35.16,0
525,6.96,24.0,12.0,2.0,23.0,6.8,95.0,31.0,0.0,315.3,84.0,25.0,0
526,6.99,27.0,9.9,14.4,26.0,8.6,71.0,39.0,0.0,306.0,77.0,26.53,0
527,7.18,22.35,16.47,10.09,9.06,0.21,4.34,2.08,2535.0,4609.1,0.0,56.48,0
528,6.51,28.26,34.43,47.2,14.13,0.72,5.41,2.5,5645.0,10263.6,0.0,118.28,0
529,6.92,14.52,3.77,6.23,12.86,0.31,3.84,1.48,1725.0,3136.4,0.0,39.25,0
530,7.24,11.13,3.37,3.05,11.86,0.08,3.28,1.23,1300.0,2363.6,0.0,31.35,0
531,7.35,8.7,5.06,3.88,3.16,0.49,1.8,0.98,1230.0,2236.4,0.0,30.52,0
532,7.16,6.04,1.7,1.19,2.84,0.18,1.64,0.79,800.0,1454.5,0.0,21.59,0
533,7.35,6.7,4.65,4.09,4.36,0.28,1.98,0.92,900.0,1636.4,0.0,24.55,0
534,6.96,8.13,3.28,4.9,2.16,0.26,2.34,1.17,1194.5,2171.8,0.0,29.14,0
535,7.45,8.7,1.61,1.95,4.52,0.28,2.36,1.48,1703.0,3096.4,0.0,37.85,0
536,7.05,10.65,19.99,20.53,70.62,0.15,4.33,2.29,4015.0,7300.0,0.0,85.16,0
537,7.52,7.74,2.95,1.72,4.96,0.15,5.66,0.87,800.0,1454.5,0.0,22.52,0
538,7.39,9.26,4.87,4.46,17.98,0.28,7.87,2.04,2160.0,3927.3,0.0,47.29,0
539,7.96,10.0,24.85,16.03,40.55,0.33,5.66,2.75,3770.0,6854.5,0.0,81.38,0
540,7.8,9.26,27.68,20.84,86.24,0.15,7.54,2.66,3250.0,5909.1,0.0,74.63,0
541,6.89,1.17,1.83,2.15,2.47,0.18,2.54,0.0,363.0,660.0,0.0,13.71,0
542,7.49,1.04,8.8,10.22,20.52,0.21,5.16,0.0,170.0,309.1,0.0,13.86,0
543,6.98,5.22,6.25,3.88,10.59,0.28,5.16,1.81,1340.0,2436.4,0.0,32.37,0
544,7.16,33.91,42.88,29.91,131.77,0.9,3.61,4.99,7890.0,14345.5,0.0,161.09,0
545,7.6,7.17,2.31,2.2,8.64,0.31,6.64,1.85,1345.0,2445.5,0.0,32.23,0
546,7.89,2.13,1.82,2.05,5.74,0.23,7.54,0.0,829.0,1507.3,0.0,23.1,0
547,7.58,1.0,2.68,4.41,5.33,0.18,5.9,0.15,565.0,1027.3,0.0,18.51,0
548,7.55,8.57,27.69,20.14,50.28,0.69,6.07,2.5,4360.0,7927.3,0.0,92.73,0
549,7.87,7.13,18.09,18.09,46.55,0.31,6.31,2.25,2610.0,4745.5,0.0,60.3,0
550,7.14,5.35,10.87,9.12,47.68,0.36,4.1,2.33,2750.0,5000.0,0.0,59.53,0
551,7.69,1.0,1.94,2.25,2.54,0.33,6.97,0.48,329.5,599.1,0.0,14.23,0
552,7.17,2.35,2.48,1.7,10.9,0.28,5.98,0.81,1433.5,2606.4,0.0,33.11,0
553,6.78,1.96,7.94,10.62,17.95,0.18,7.54,0.46,1115.0,2027.3,0.0,29.49,0
554,7.59,6.65,14.52,9.94,33.26,0.33,7.3,0.98,2485.0,4518.2,0.0,55.86,0
555,7.69,1.0,1.82,1.95,10.03,0.03,5.9,0.67,259.0,470.9,0.0,12.91,0
556,6.9,8.7,6.72,8.27,19.13,0.28,7.3,2.21,2329.5,4235.5,0.0,50.55,0
557,7.7,3.0,3.44,5.45,15.69,0.21,5.66,0.48,1435.0,2609.1,0.0,34.36,0
558,8.0,2.52,3.53,4.45,15.21,0.18,5.57,0.94,1280.0,2327.3,0.0,31.8,0
559,7.45,8.0,27.0,22.28,23.55,0.41,7.26,1.62,2493.5,4533.6,0.0,59.47,0
560,8.2,3.87,8.99,10.44,24.81,0.23,7.11,1.31,1415.5,2573.6,0.0,36.52,0
561,7.4,11.3,3.5,4.46,15.37,0.54,5.66,2.79,3360.0,6109.1,0.0,67.93,0
562,7.52,7.78,7.38,9.39,22.81,0.36,7.11,5.35,2065.0,3754.5,0.0,46.99,0
563,7.67,2.04,2.98,3.03,8.84,0.23,6.16,3.47,1300.0,2363.6,0.0,31.46,0
564,7.38,6.78,2.37,2.88,8.73,0.26,7.14,4.87,1250.0,2272.7,0.0,30.5,0
565,7.65,15.48,12.95,10.48,25.64,0.59,14.44,7.18,3270.0,5945.5,0.0,70.08,0
566,7.54,7.04,2.65,3.42,11.83,0.31,6.85,1.1,1305.0,2372.7,0.0,31.78,0
567,7.98,7.61,4.92,4.45,13.77,0.36,6.65,4.16,2340.0,4254.5,0.0,50.81,0
568,6.86,5.22,1.93,2.73,10.34,0.26,4.53,1.62,1215.0,2209.1,0.0,29.11,0
569,7.68,3.43,2.62,3.15,10.34,0.28,3.58,1.35,859.0,1561.8,0.0,23.78,0
570,7.98,10.0,15.36,12.63,20.27,0.44,8.3,5.58,2777.0,5049.1,0.0,61.72,0
571,7.9,7.61,9.93,8.83,20.48,0.33,6.86,0.67,2310.0,4200.0,0.0,51.78,0
572,8.25,6.87,5.66,3.94,13.18,0.36,11.06,0.96,2270.0,4127.3,0.0,50.01,0
573,7.22,4.35,11.96,10.46,22.59,0.26,8.76,1.12,1691.5,3075.5,0.0,40.97,0
574,8.06,8.61,23.7,15.52,20.27,0.67,6.73,1.39,3489.0,6343.6,0.0,75.94,0
575,8.5,9.13,12.09,8.9,18.03,0.46,6.73,2.46,2835.0,5154.5,0.0,61.95,0
576,7.6,6.7,9.92,8.43,18.75,0.28,5.3,2.81,2462.5,4477.3,0.0,53.92,0
577,8.0,36.0,33.0,36.0,14.0,4.5,342.0,3.0,364.0,560.0,225.2,51.51,0
578,8.1,16.0,28.0,40.0,7.1,2.8,268.0,16.0,300.0,462.0,215.2,44.33,0
579,8.1,35.0,39.0,32.0,28.0,4.4,317.0,10.0,380.0,585.0,240.2,52.21,0
580,8.5,49.0,30.0,20.0,18.0,5.6,275.0,12.0,338.0,520.0,175.1,46.23,0
581,8.1,37.0,36.0,68.0,28.0,5.2,421.0,31.0,490.0,754.0,320.3,66.0,0
582,8.0,20.0,41.0,48.0,14.0,3.7,366.0,17.0,400.0,615.0,290.2,56.97,0
583,8.2,37.0,39.0,48.0,43.0,4.4,310.0,17.0,430.0,662.0,280.2,56.6,0
584,8.2,37.0,36.0,60.0,57.0,4.8,325.0,46.0,480.0,738.0,300.2,60.84,0
585,8.2,10.0,19.0,28.0,7.0,2.4,195.0,2.2,214.0,320.0,150.0,33.8,0
586,8.0,48.0,34.0,36.0,21.0,2.8,354.0,19.0,411.0,614.0,230.0,52.79,0
587,7.9,13.0,27.0,36.0,7.0,3.8,268.0,4.3,285.0,426.0,200.0,43.12,0
588,8.0,51.0,32.0,32.0,21.0,4.8,354.0,6.3,396.0,591.0,210.0,52.52,0
589,8.1,17.0,41.0,20.0,14.0,4.0,268.0,18.0,316.0,472.0,220.0,45.79,0
590,7.9,28.0,36.0,36.0,7.0,5.8,354.0,2.5,380.0,567.0,240.0,53.51,0
591,8.2,24.0,58.0,56.0,28.0,3.8,427.0,47.0,529.0,790.0,380.0,69.85,0
592,7.9,35.0,37.0,61.0,59.0,4.7,355.0,45.0,473.0,710.0,310.0,62.19,0
593,7.31,134.0,23.0,46.0,130.0,18.0,34.41,290.0,832.0,1300.0,210.0,66.73,0
594,7.23,224.0,13.0,32.0,108.0,16.0,117.69,113.0,811.0,1267.0,133.0,62.95,0
595,7.13,54.0,21.0,36.0,196.0,19.0,138.3,147.0,736.0,1150.0,176.0,63.67,0
596,7.45,136.0,35.0,49.0,182.0,26.0,123.09,33.0,902.0,1410.0,266.0,79.31,0
597,7.45,116.0,41.0,86.0,200.0,5.0,14.81,713.0,1001.0,1564.0,383.0,81.17,0
598,7.11,196.0,32.0,23.0,193.0,16.0,128.74,233.0,781.0,1220.0,189.0,70.4,0
599,7.37,110.0,50.0,59.0,104.0,10.0,93.53,198.0,925.0,1445.0,353.0,72.16,0
600,7.21,86.0,38.0,63.0,142.0,9.0,39.73,167.0,1021.0,1595.0,314.0,66.95,0
601,7.2,88.0,67.0,94.0,163.0,18.0,117.11,160.0,710.0,1110.0,510.0,87.9,0
602,7.46,84.0,45.0,85.0,154.0,32.0,19.63,113.0,1123.0,1755.0,397.0,91.07,0
603,7.24,108.0,46.0,96.0,168.0,12.0,54.11,214.0,806.0,1260.0,429.0,78.07,0
604,7.26,220.0,36.0,52.0,56.0,5.0,53.89,34.0,954.0,1490.0,278.0,61.82,0
605,7.55,124.0,49.0,79.0,60.0,28.0,167.43,67.0,973.0,1520.0,399.0,90.65,0
606,7.25,150.0,36.0,86.0,36.0,22.0,49.48,78.0,1069.0,1670.0,363.0,80.04,0
607,7.12,118.0,34.0,80.0,148.0,6.0,64.18,89.0,1197.0,1870.0,340.0,70.85,0
608,6.86,208.0,46.0,56.0,169.0,13.0,182.21,68.0,1126.0,1760.0,329.0,83.44,0
609,7.29,52.0,36.0,65.0,144.0,12.0,187.13,86.0,960.0,1500.0,310.0,71.83,0
610,7.33,460.0,45.0,59.0,122.0,22.0,137.87,191.0,864.0,1350.0,332.0,97.04,0
611,7.34,134.0,46.0,77.0,102.0,5.0,44.82,62.0,790.0,1235.0,382.0,64.88,0
612,7.16,74.0,22.0,86.0,280.0,13.0,128.42,47.0,1171.0,1830.0,305.0,77.42,0
613,7.01,102.0,26.0,46.0,508.0,12.0,136.65,32.0,2035.0,3180.0,222.0,91.94,0
614,7.5,112.0,18.0,26.0,200.0,42.0,88.6,155.0,280.0,437.0,139.0,71.94,0
615,6.82,90.0,21.0,36.0,288.0,10.0,44.41,363.0,220.0,343.0,176.0,52.42,0
616,7.5,62.0,30.0,67.0,168.0,8.0,118.83,552.0,332.0,519.0,291.0,64.12,0
617,7.94,68.0,60.0,70.0,112.0,9.0,119.63,351.0,290.0,453.0,422.0,69.37,0
618,8.0,50.0,45.0,61.0,448.0,8.0,139.46,246.0,361.0,564.0,337.0,71.76,0
619,7.98,110.0,53.0,78.0,67.0,10.0,59.04,164.0,313.0,489.0,413.0,64.34,0
620,7.43,64.0,29.0,63.0,142.0,22.0,157.57,183.0,1050.0,1640.0,277.0,79.36,0
621,7.49,138.0,36.0,94.0,282.0,11.0,158.07,50.0,1184.0,1850.0,383.0,86.67,0
622,7.26,68.0,26.0,56.0,197.0,9.0,146.42,171.0,313.0,489.0,247.0,56.43,0
623,7.42,72.0,40.0,73.0,184.0,10.0,49.9,149.0,343.0,536.0,347.0,60.46,0
624,7.25,112.0,45.0,60.0,164.0,20.0,104.67,150.0,394.0,615.0,335.0,71.37,0
625,7.43,390.0,48.0,96.0,130.0,5.0,93.83,182.0,310.0,485.0,437.0,78.54,0
626,7.85,194.0,36.0,96.0,84.0,40.0,34.81,41.0,260.0,406.0,388.0,85.43,0
627,7.45,75.0,51.0,62.0,143.0,13.0,142.0,41.0,280.0,437.0,365.0,64.08,0
628,7.66,110.0,55.0,84.0,130.0,7.0,153.24,33.0,275.0,429.0,436.0,66.76,0
629,7.5,162.0,34.0,63.0,89.0,11.0,141.0,33.0,309.0,483.0,297.0,60.17,0
630,8.01,63.0,41.0,90.0,167.0,11.0,63.25,43.0,284.0,444.0,393.0,62.22,0
631,7.79,68.0,36.0,60.0,172.0,8.0,123.25,121.0,316.0,494.0,298.0,57.35,0
632,7.43,96.0,33.0,92.0,123.0,7.0,145.35,31.0,992.0,1550.0,366.0,71.57,0
633,7.67,59.0,28.0,49.0,46.0,6.0,136.48,58.0,810.0,1265.0,238.0,54.21,0
634,7.78,100.0,21.0,84.0,44.0,5.0,143.78,56.0,845.0,1320.0,296.0,60.94,0
635,7.26,56.0,40.0,92.0,56.0,11.0,151.09,25.0,995.0,1555.0,394.0,72.92,0
636,7.14,108.0,23.0,59.0,105.0,5.0,158.39,26.0,851.0,1330.0,242.0,58.47,0
637,8.0,68.0,31.0,76.0,87.0,13.0,165.7,23.0,902.0,1410.0,317.0,69.85,0
638,8.33,95.0,29.0,80.0,88.0,6.0,173.0,29.0,771.0,1205.0,319.0,64.65,0
639,8.33,86.0,28.0,72.0,100.0,6.0,180.31,32.0,755.0,1180.0,295.0,62.86,0
640,8.03,49.0,22.0,81.0,95.0,11.0,187.61,29.0,872.0,1363.0,293.0,66.61,0
641,7.56,66.0,35.0,60.0,124.0,40.0,194.92,45.0,819.0,1280.0,294.0,89.42,0
642,7.4,49.0,37.0,69.0,188.0,19.0,202.22,49.0,835.0,1305.0,325.0,77.58,0
643,7.28,96.0,34.0,48.0,154.0,16.0,28.95,304.0,858.0,1340.0,260.0,68.36,0
644,7.12,328.0,23.0,59.0,111.0,26.0,116.45,108.0,1004.0,1568.0,242.0,86.56,0
645,7.24,30.0,31.0,52.0,188.0,28.0,135.95,151.0,742.0,1160.0,257.0,75.53,0
646,7.3,156.0,36.0,57.0,180.0,33.0,118.83,314.0,883.0,1380.0,290.0,91.81,0
647,7.32,172.0,37.0,63.0,189.0,9.0,11.56,672.0,1017.0,1589.0,310.0,79.93,0
648,7.23,252.0,38.0,57.0,197.0,19.0,124.21,231.0,734.0,1147.0,299.0,83.01,0
649,7.42,114.0,41.0,81.0,114.0,18.0,91.18,203.0,947.0,1480.0,371.0,80.67,0
650,6.98,70.0,30.0,89.0,138.0,12.0,35.47,170.0,1030.0,1610.0,346.0,70.84,0
651,7.14,54.0,88.0,92.0,165.0,23.0,113.85,155.0,712.0,1113.0,592.0,96.0,0
652,7.4,60.0,44.0,86.0,142.0,36.0,14.39,118.0,1142.0,1785.0,396.0,92.66,0
653,7.28,236.0,36.0,84.0,168.0,13.0,49.85,249.0,819.0,1280.0,358.0,79.91,0
654,7.56,172.0,32.0,87.0,52.0,5.0,49.33,34.0,986.0,1540.0,349.0,65.77,0
655,7.64,72.0,32.0,76.0,64.0,32.0,162.09,70.0,957.0,1495.0,321.0,85.26,0
656,7.2,90.0,26.0,59.0,40.0,29.0,43.84,85.0,1062.0,1660.0,254.0,74.06,0
657,7.22,92.0,32.0,57.0,128.0,13.0,59.64,76.0,1184.0,1850.0,274.0,68.66,0
658,6.92,304.0,14.0,49.0,165.0,19.0,178.65,62.0,1114.0,1740.0,180.0,80.63,0
659,7.51,136.0,15.0,55.0,144.0,9.0,181.89,65.0,963.0,1505.0,199.0,64.62,0
660,7.47,332.0,26.0,63.0,120.0,16.0,132.61,193.0,860.0,1343.0,264.0,81.45,0
661,7.25,148.0,32.0,84.0,100.0,3.0,39.93,63.0,794.0,1240.0,341.0,60.77,0
662,7.16,104.0,35.0,61.0,287.0,16.0,122.18,43.0,1178.0,1840.0,296.0,80.08,0
663,7.02,136.0,21.0,49.0,524.0,20.0,132.08,31.0,2058.0,3215.0,209.0,99.23,0
664,7.37,99.0,14.0,63.0,198.0,26.0,83.24,196.0,271.0,424.0,215.0,65.47,0
665,6.71,83.0,16.0,87.0,290.0,11.0,40.22,391.0,209.0,326.0,283.0,61.48,0
666,7.83,56.0,25.0,49.0,176.0,8.0,113.51,1159.0,323.0,505.0,225.0,69.96,0
667,7.89,54.0,14.0,86.0,120.0,6.0,113.41,342.0,276.0,432.0,272.0,55.02,0
668,8.1,114.0,16.0,74.0,456.0,8.0,132.3,269.0,348.0,543.0,251.0,68.58,0
669,7.56,192.0,25.0,96.0,59.0,24.0,53.9,168.0,315.0,492.0,343.0,72.88,0
670,7.47,56.0,35.0,72.0,128.0,18.0,152.25,183.0,1043.0,1630.0,324.0,78.84,0
671,7.13,228.0,18.0,99.0,200.0,9.0,153.92,52.0,1152.0,1800.0,321.0,81.22,0
672,7.25,99.0,37.0,63.0,203.0,10.0,140.18,179.0,298.0,465.0,310.0,63.15,0
673,7.49,109.0,39.0,81.0,184.0,11.0,44.76,154.0,324.0,506.0,363.0,63.79,0
674,7.37,110.0,32.0,76.0,165.0,28.0,99.49,153.0,377.0,589.0,321.0,76.19,0
675,7.85,56.0,29.0,89.0,126.0,12.0,88.59,189.0,265.0,414.0,342.0,60.92,0
676,7.7,156.0,18.0,76.0,92.0,14.0,29.32,41.0,271.0,424.0,264.0,54.58,0
677,7.53,110.0,38.0,92.0,139.0,65.0,136.76,42.0,314.0,490.0,386.0,107.25,0
678,7.83,122.0,13.0,63.0,134.0,45.0,147.98,35.0,283.0,442.0,211.0,79.3,0
679,7.65,156.0,39.0,61.0,91.0,58.0,133.75,33.0,320.0,500.0,313.0,96.7,0
680,8.06,66.0,32.0,85.0,164.0,43.0,56.12,42.0,300.0,469.0,344.0,82.74,0
681,7.98,91.0,38.0,48.0,176.0,35.0,115.59,44.0,326.0,509.0,276.0,75.8,0
682,7.73,109.0,39.0,100.0,112.0,24.0,137.16,29.0,998.0,1560.0,410.0,88.08,0
683,7.88,68.0,32.0,56.0,50.0,27.0,127.75,95.0,867.0,1355.0,272.0,74.64,0
684,8.04,152.0,35.0,69.0,46.0,52.0,134.53,91.0,808.0,1263.0,316.0,100.18,0
685,7.27,73.0,19.0,92.0,52.0,84.0,141.3,29.0,1002.0,1565.0,308.0,122.19,0
686,7.21,129.0,36.0,73.0,73.0,24.0,148.08,26.0,838.0,1310.0,330.0,78.97,0
687,8.23,59.0,38.0,81.0,85.0,103.0,154.85,28.0,858.0,1340.0,359.0,139.82,0
688,8.49,86.0,19.0,56.0,88.0,43.0,161.63,27.0,806.0,1260.0,218.0,84.64,0
689,8.36,94.0,28.0,36.0,100.0,48.0,168.4,31.0,772.0,1207.0,205.0,87.69,0
690,8.09,53.0,23.0,85.0,95.0,49.0,175.18,27.0,847.0,1323.0,307.0,95.72,0
691,7.44,83.0,26.0,49.0,127.0,26.0,181.95,55.0,797.0,1245.0,229.0,73.86,0
692,7.34,71.0,34.0,52.0,204.0,16.0,188.73,48.0,653.0,1020.0,270.0,68.93,0
693,6.83,15.54,6.03,35.34,1.9,15.1,175.0,1.0,159.25,245.0,0.0,34.47,0
694,7.84,39.0,4.9,23.8,1.08,1.7,139.0,8.0,150.0,262.0,0.0,23.22,0
695,8.67,13.6,6.92,27.94,0.6,10.32,145.0,1.8,188.5,290.0,0.0,30.83,0
696,8.4,25.0,5.35,36.0,0.0,0.9,170.6,1.6,204.0,295.0,0.0,25.93,0
697,8.51,30.0,1.95,8.0,2.0,2.6,90.0,1.3,124.0,204.0,0.0,18.84,0
698,7.44,25.4,2.8,8.4,2.2,7.63,93.0,0.8,203.0,313.0,0.0,22.96,0
699,8.81,34.5,4.51,0.97,2.5,1.86,97.6,0.5,214.0,335.0,0.0,20.11,0
700,6.12,2.78,2.12,24.62,4.2,2.94,85.0,0.8,169.0,260.0,0.0,18.14,0
701,6.07,3.56,2.14,25.1,0.8,3.12,75.0,0.5,312.0,480.0,0.0,20.02,0
702,5.62,1.69,1.98,6.09,6.7,1.39,15.0,0.8,45.5,70.0,0.0,9.11,0
703,5.37,7.45,1.89,23.41,2.1,3.92,95.0,0.8,58.5,90.0,0.0,16.84,0
704,6.14,3.14,2.29,19.81,12.5,6.52,60.0,0.7,104.0,160.0,0.0,18.42,0
705,6.4,2.45,2.23,25.55,1.6,1.9,75.0,1.5,91.0,140.0,0.0,15.97,0
706,5.53,0.08,2.28,12.5,2.7,0.15,48.8,1.5,87.0,171.9,0.0,11.14,0
707,6.31,2.54,2.94,18.07,0.7,2.29,97.3,1.6,135.0,264.4,0.0,17.4,0
708,6.17,4.6,2.81,17.4,1.3,1.54,60.2,6.2,88.0,174.0,0.0,14.26,0
709,5.83,1.73,2.37,14.6,0.5,0.42,52.0,1.1,66.0,130.7,0.0,11.66,0
710,6.88,0.08,3.4,19.4,3.7,1.74,85.2,1.1,172.0,334.9,0.0,17.84,0
711,5.76,0.08,3.44,18.4,1.3,2.13,90.4,0.84,102.0,200.4,0.0,15.88,0
712,5.69,0.1,3.12,18.7,1.7,1.14,86.1,1.4,100.0,196.8,0.0,14.84,0
713,5.99,0.19,3.18,27.1,2.7,9.06,125.4,1.2,159.0,309.4,0.0,25.01,0
714,5.64,2.09,1.99,18.55,0.8,2.35,50.0,5.0,48.75,75.0,0.0,12.93,0
715,5.53,1.67,1.8,3.58,1.7,1.45,15.5,0.8,26.0,40.0,0.0,8.3,0
716,6.0,0.8,3.87,23.3,1.2,1.24,91.2,1.1,97.0,189.6,0.0,16.08,0
717,5.31,0.08,2.42,14.1,0.8,5.13,50.2,2.4,24.0,48.67,0.0,13.81,0
